No,Provinsi,Kabupaten/Kota,Nama Sekolah,Tingkat Sekolah,Tingkat Penghargaan,Jenis Sekolah
1,ACEH,KOTA LANGSA,SDN 11 LANGSA,SD/MI,MANDIRI,negeri
2,ACEH,KOTA BANDA ACEH,MIN 5 KOTA BANDA ACEH,SD/MI,NASIONAL,negeri
3,ACEH,ACEH TIMUR,SMPN 1 IDI,SMP/MTS,NASIONAL,negeri
4,ACEH,KOTA BANDA ACEH,SMPN 1 BANDA ACEH,SMP/MTS,NASIONAL,negeri
5,ACEH,KOTA BANDA ACEH,SMPN 17 BANDA ACEH,SMP/MTS,NASIONAL,negeri
6,ACEH,KOTA BANDA ACEH,SMPN 19 PERCONTOHAN BANDA ACEH,SMP/MTS,NASIONAL,negeri
7,SUMATERA UTARA,TAPANULI TENGAH,MIN 7 TAPANULI TENGAH,SD/MI,MANDIRI,negeri
8,SUMATERA UTARA,TAPANULI SELATAN,SDN 100712 HAPESONG LAMA,SD/MI,NASIONAL,negeri
9,SUMATERA UTARA,TAPANULI SELATAN,SMPN 1 BAT ANG TORU,SMP/MTS,NASIONAL,negeri
10,SUMATERA UTARA,TOBA SAMOSIR,SMPS BONAPASOGIT SEJAHTERA,SMP/MTS,NASIONAL,swasta
11,SUMATERA BARAT,AGAM,SDN 10 SANGKIR,SD/MI,NASIONAL,negeri
12,SUMATERA BARAT,SIJUNJUNG,SDN 1 SIJUNJUNG,SD/MI,NASIONAL,negeri
13,SUMATERA BARAT,SIJUNJUNG,SDN 6 PALANGKI,SD/MI,NASIONAL,negeri
14,SUMATERA BARAT,KOTA BUKITTINGGI,SDN 03 PAKAN LABUAH,SD/MI,NASIONAL,negeri
15,SUMATERA BARAT,KOTA PADANG PANJANG,SDN 5 PADANG PANJANG BARAT,SD/MI,NASIONAL,negeri
16,SUMATERA BARAT,KOTA PARIAMAN,SDN 12 CUBADAKMENTAWAI,SD/MI,NASIONAL,negeri
17,SUMATERA BARAT,PAYAKUMBUH,SDN 03 PAYAKUMBUH,SD/MI,NASIONAL,negeri
18,SUMATERA BARAT,PAYAKUMBUH,SDN 58 PAYAKUMBUH,SD/MI,NASIONAL,negeri
19,SUMATERA BARAT,SIJUNJUNG,SMPN 6 SIJUNJUNG,SMP/MTS,NASIONAL,negeri
20,SUMATERA BARAT,KOTA PADANG PANJANG,MTSS DMP DINIYAH PUTERI,SMP/MTS,NASIONAL,swasta
21,SUMATERA BARAT,PAYAKUMBUH,SMPN 1 PAYAKUMBUH,SMP/MTS,NASIONAL,negeri
22,SUMATERA BARAT,KOTA PADANG,SMAN 7 PADANG,SMA/MA/SMK,NASIONAL,negeri
23,RIAU,PELALAWAN,SD GLOBAL ANDALAN,SD/MI,MANDIRI,swasta
24,RIAU,SIAK,SDN 06 PERAWANG BARAT,SD/MI,MANDIRI,negeri
25,RIAU,SIAK,SDN 04 MINAS JAYA,SD/MI,MANDIRI,negeri
26,RIAU,BENGKALIS,SDN 2 BANTAN,SD/MI,NASIONAL,negeri
27,RIAU,KUANTAN SINGINGI,SDS GLOBAL ANDALAN ESTATE BASERAH,SD/MI,NASIONAL,swasta
28,RIAU,KUANTAN SINGINGI,SDS GLOBAL ANDALAN ESTATE LOGAS,SD/MI,NASIONAL,swasta
29,RIAU,PELALAWAN,SDN 005 MAKMUR,SD/MI,NASIONAL,negeri
30,RIAU,ROKAN HILIR,SDN 006 BAGAN BARAT,SD/MI,NASIONAL,negeri
31,RIAU,ROKAN HILIR,SDN 007 SERUSA MATI,SD/MI,NASIONAL,negeri
32,RIAU,SIAK,SD ISLAM PLUS AL-HIKMAH KANDIS,SD/MI,NASIONAL,swasta
33,RIAU,SIAK,SDN 03 PERAWANG BARAT,SD/MI,NASIONAL,swasta
34,RIAU,KOTA PEKANBARU,SD CENDANA RUMBAI,SD/MI,NASIONAL,swasta
35,RIAU,KOTA PEKANBARU,SDN 107 PEKANBARU,SD/MI,NASIONAL,negeri
36,RIAU,KAMPAR,UPT SMPN 4 SIAK HULU,SMP/MTS,MANDIRI,negeri
37,RIAU,SIAK,SMPN 5 KANDIS,SMP/MTS,MANDIRI,negeri
38,RIAU,ROKAN HILIR,SMPN 4 RIMBA MELINTANG,SMP/MTS,NASIONAL,negeri
39,RIAU,SIAK,MTSN 2 SIAK,SMP/MTS,NASIONAL,negeri
40,RIAU,SIAK,SMP KIMIA TIRTA UTAMA,SMP/MTS,NASIONAL,swasta
41,RIAU,SIAK,SMPN 1 MINAS,SMP/MTS,NASIONAL,negeri
42,RIAU,SIAK,SMPN 7 KANDIS,SMP/MTS,NASIONAL,negeri
43,RIAU,KOTA PEKANBARU,SMPN 11 PEKANBARU,SMP/MTS,NASIONAL,negeri
44,RIAU,KOTA PEKANBARU,SMK KEHUTANAN NEGERI PEKANBARU,SMA/MA/SMK,MANDIRI,negeri
45,RIAU,SIAK,SMAN 1 KOTO GASIB,SMA/MA/SMK,NASIONAL,negeri
46,RIAU,SIAK,SMAN 1 SABAK AUH,SMA/MA/SMK,NASIONAL,negeri
47,RIAU,KOTA PEKANBARU,SMAN 3 PEKANBARU,SMA/MA/SMK,NASIONAL,negeri
48,KEPULAUAN RIAU,KARIMUN,SDN 003 KUNDUR UTARA,SD/MI,MANDIRI,negeri
49,KEPULAUAN RIAU,KARIMUN,SDS 005 CAHAYA MERAL,SD/MI,NASIONAL,swasta
50,KEPULAUAN RIAU,KARIMUN,SMPN 1 MERAL,SMP/MTS,MANDIRI,negeri
51,KEPULAUAN RIAU,KOTA TANJUNG PINANG,SMPN 7 TANJUNGPINANG,SMP/MTS,MANDIRI,negeri
52,KEPULAUAN RIAU,KOTA TANJUNG PINANG,SMPN 4 TANJUNGPINANG,SMP/MTS,MANDIRI,negeri
53,KEPULAUAN RIAU,KOTA TANJUNG PINANG,SMPN 11 TANJUNGPINANG,SMP/MTS,NASIONAL,negeri
54,KEPULAUAN RIAU,KOTA TANJUNG PINANG,SMPN 5 TANJUNGPINANG,SMP/MTS,NASIONAL,negeri
55,KEPULAUAN RIAU,KOTA TANJUNG PINANG,SMPN 8 TANJUNGPINANG,SMP/MTS,NASIONAL,negeri
56,KEPULAUAN RIAU,BINTAN,SMAN 1 TELUK SEBONG,SMA/MA/SMK,MANDIRI,negeri
57,KEPULAUAN RIAU,KARIMUN,SMAN 4 KARIMUN,SMA/MA/SMK,MANDIRI,negeri
58,KEPULAUAN RIAU,BINTAN,SMAS TUNAS BANGSA,SMA/MA/SMK,NASIONAL,swasta
59,JAMBI,-,-,-,-,-
60,SUMATERA SELATAN,MUARA ENIM,SDN 16 LAWANG KIDUL,SD/MI,MANDIRI,negeri
61,SUMATERA SELATAN,MUARA ENIM,SDN 4 LAWANG KIDUL,SD/MI,MANDIRI,negeri
62,SUMATERA SELATAN,MUARA ENIM,SDN 12 LAWANG KIDUL,SD/MI,NASIONAL,negeri
63,SUMATERA SELATAN,MUARA ENIM,SDN 14 LAWANG KIDUL,SD/MI,NASIONAL,negeri
64,SUMATERA SELATAN,MUARA ENIM,SDN 20 RAMBANG NIRU,SD/MI,NASIONAL,negeri
65,SUMATERA SELATAN,MUARA ENIM,SDN 23 LAWANG KIDUL,SD/MI,NASIONAL,negeri
66,SUMATERA SELATAN,MUARA ENIM,SDN 3 MUARA ENIM,SD/MI,NASIONAL,negeri
67,SUMATERA SELATAN,MUARA ENIM,SDN 3 PANANG ENIM,SD/MI,NASIONAL,negeri
68,SUMATERA SELATAN,MUARA ENIM,SDN 5 TANJUNG AGUNG,SD/MI,NASIONAL,negeri
69,SUMATERA SELATAN,MUARA ENIM,SDN 6 TANJUNG AGUNG,SD/MI,NASIONAL,negeri
70,SUMATERA SELATAN,MUARA ENIM,SDN 7 LUBAI ULU,SD/MI,NASIONAL,negeri
71,SUMATERA SELATAN,MUSI RAWAS,SLBN MUSI RAWAS,SLB,NASIONAL,swasta
72,KEPULAUAN BANGKA BELITUNG,BANGKA,SDN 17 TANJUNGPANDAN,SD/MI,NASIONAL,negeri
73,KEPULAUAN BANGKA BELITUNG,BANGKA,UPTD SMPN 1 PUDING BESAR,SMP/MTS,NASIONAL,negeri
74,KEPULAUAN BANGKA BELITUNG,BANGKA BARAT,SMAN 1 JEBUS,SMA/MA/SMK,MANDIRI,negeri
75,KEPULAUAN BANGKA BELITUNG,BANGKA,SMKN 1 TANJUNGPANDAN,SMA/MA/SMK,NASIONAL,negeri
76,BENGKULU,-,-,-,-,-
77,LAMPUNG,LAMPUNG BARAT,MIN 2 LAMPUNG BARAT,SD/MI,MANDIRI,negeri
78,LAMPUNG,LAMPUNG BARAT,SDN 1 SUKAPURA,SD/MI,NASIONAL,negeri
79,LAMPUNG,KOTA METRO,SDN 7 METRO UTARA,SD/MI,NASIONAL,negeri
80,LAMPUNG,LAMPUNG BARAT,SMPN 1 AIR HITAM,SMP/MTS,MANDIRI,negeri
81,LAMPUNG,LAMPUNG BARAT,SMPN 2 WAY TENONG,SMP/MTS,NASIONAL,negeri
82,LAMPUNG,PRINGSEWU,UPT SMPN 1 ADILUWIH,SMP/MTS,NASIONAL,negeri
83,LAMPUNG,KOTA METRO,SMPN 3 METRO,SMP/MTS,NASIONAL,negeri
84,DKI JAKARTA,KOTA ADM. JAKARTA BARAT,SDN WIJAYA KUSUMA 05,SD/MI,MANDIRI,negeri
85,DKI JAKARTA,KOTA ADM. JAKARTA BARAT,SDN KEBON JERUK 01,SD/MI,MANDIRI,negeri
86,DKI JAKARTA,KOTA ADM. JAKARTA BARAT,SDN KEBON JERUK 06,SD/MI,MANDIRI,negeri
87,DKI JAKARTA,KOTA ADM. JAKARTA BARAT,SDN SUKABUMI SELATAN 07,SD/MI,MANDIRI,negeri
88,DKI JAKARTA,KOTA ADM. JAKARTA TIMUR,SDN PEKAYON 18 PAGI,SD/MI,MANDIRI,negeri
89,DKI JAKARTA,KOTA ADM. JAKARTA BARAT,SDN DURI KEPA 05 PAGI,SD/MI,NASIONAL,negeri
90,DKI JAKARTA,KOTA ADM. JAKARTA BARAT,SDN JELAMBAR 03 PAGI,SD/MI,NASIONAL,negeri
91,DKI JAKARTA,KOTA ADM. JAKARTA BARAT,SDN KEBON JERUK 04 PAGI,SD/MI,NASIONAL,negeri
92,DKI JAKARTA,KOTA ADM. JAKARTA BARAT,SDN KEBON JERUK 10,SD/MI,NASIONAL,negeri
93,DKI JAKARTA,KOTA ADM. JAKARTA BARAT,SDN KEBON JERUK 17 PAGI,SD/MI,NASIONAL,negeri
94,DKI JAKARTA,KOTA ADM. JAKARTA BARAT,SDN KELAPA DUA 01 PAGI,SD/MI,NASIONAL,negeri
95,DKI JAKARTA,KOTA ADM. JAKARTA BARAT,SDN KELAPA DUA 06 PAG,SD/MI,NASIONAL,negeri
96,DKI JAKARTA,KOTA ADM. JAKARTA BARAT,SDN SUKABUMI SELATAN 06 PAGI,SD/MI,NASIONAL,negeri
97,DKI JAKARTA,KOTA ADM. JAKARTA PUSAT,SDN JOHAR BARU 09 PAGI,SD/MI,NASIONAL,negeri
98,DKI JAKARTA,KOTA ADM. JAKARTA PUSAT,SDN JOHAR BARU 29 PAGI,SD/MI,NASIONAL,negeri
99,DKI JAKARTA,KOTA ADM. JAKARTA SELATAN,SDN PONDOK LABU 07,SD/MI,NASIONAL,negeri
100,DKI JAKARTA,KOTA ADM. JAKARTA TIMUR,SDN BAMBU APUS 04 PAGI,SD/MI,NASIONAL,negeri
101,DKI JAKARTA,KOTA ADM. JAKARTA TIMUR,SDN CIBUBUR 04 PAGI,SD/MI,NASIONAL,negeri
102,DKI JAKARTA,KOTA ADM. JAKARTA TIMUR,SDN CIRACAS 07 PAGI,SD/MI,NASIONAL,negeri
103,DKI JAKARTA,KOTA ADM. JAKARTA TIMUR,SDN GEDONG 05,SD/MI,NASIONAL,negeri
104,DKI JAKARTA,KOTA ADM. JAKARTA TIMUR,SDN PONDOK RANGGON 01 PAGI,SD/MI,NASIONAL,negeri
105,DKI JAKARTA,KOTA ADM. JAKARTA TIMUR,SDN RAMBUTAN 03 PAGI,SD/MI,NASIONAL,negeri
106,DKI JAKARTA,KOTA ADM. JAKARTA UTARA,SDN LAGOA 09 PAGI JAKARTA,SD/MI,NASIONAL,negeri
107,DKI JAKARTA,KOTA ADM. JAKARTA UTARA,SDN LAGOA 11,SD/MI,NASIONAL,negeri
108,DKI JAKARTA,KOTA ADM. JAKARTA UTARA,SDN SUNTER AGUNG 05 PAGI,SD/MI,NASIONAL,negeri
109,DKI JAKARTA,KOTA ADM. JAKARTA UTARA,SDN TUGU UTARA 22,SD/MI,NASIONAL,negeri
110,DKI JAKARTA,KOTA ADM. JAKARTA TIMUR,SMPN 193 JAKARTA,SMP/MTS,MANDIRI,negeri
111,DKI JAKARTA,KOTA ADM. JAKARTA BARAT,SMPN 111 JAKARTA,SMP/MTS,NASIONAL,negeri
112,DKI JAKARTA,KOTA ADM. JAKARTA SELATAN,SMPN 37 JAKARTA,SMP/MTS,NASIONAL,negeri
113,DKI JAKARTA,KOTA ADM. JAKARTA PUSAT,SMKN 2 JAKARTA,SMA/MA/SMK,NASIONAL,negeri
114,DKI JAKARTA,KOTA ADM. JAKARTA SELATAN,SMAN 38 JAKARTA,SMA/MA/SMK,NASIONAL,negeri
115,DKI JAKARTA,KOTA ADM. JAKARTA SELATAN,SMKN 28 JAKARTA,SMA/MA/SMK,NASIONAL,negeri
116,DKI JAKARTA,KOTA ADM. JAKARTA SELATAN,SMKN 37 JAKARTA,SMA/MA/SMK,NASIONAL,negeri
117,DKI JAKARTA,KOTA ADM. JAKARTA SELATAN,SMKN 63 JAKARTA,SMA/MA/SMK,NASIONAL,negeri
118,DKI JAKARTA,KOTA ADM. JAKARTA UTARA,SMAN 40 JAKARTA,SMA/MA/SMK,NASIONAL,negeri
119,BANTEN,KABUPATEN TANGERANG,MIN 6 TANGERANG,SD/MI,MANDIRI,negeri
120,BANTEN,KOTA TANGERANG,SDN PANUNGGANGAN 9,SD/MI,MANDIRI,negeri
121,BANTEN,KOTA TANGERANG,SDN KARAWACI BARU 3,SD/MI,MANDIRI,negeri
122,BANTEN,KOTA TANGERANG,SDN KARAWACI BARU 7,SD/MI,MANDIRI,negeri
123,BANTEN,KOTA TANGERANG,SDN KARAWACI 8,SD/MI,MANDIRI,negeri
124,BANTEN,KOTA TANGERANG,SDN CIKOKOL 1,SD/MI,MANDIRI,negeri
125,BANTEN,KOTA TANGERANG,SDN KARAWACI 13,SD/MI,MANDIRI,negeri
126,BANTEN,KOTA TANGERANG,SDN PASAR BARU 1,SD/MI,MANDIRI,negeri
127,BANTEN,KOTA TANGERANG,SDN KARAWACI 5,SD/MI,MANDIRI,negeri
128,BANTEN,KABUPATEN TANGERANG,SDN PASARKEMIS III,SD/MI,NASIONAL,negeri
129,BANTEN,KOTA CILEGON,SD ISLAM AL- AZHAR 40 YPKS,SD/MI,NASIONAL,swasta
130,BANTEN,KOTA TANGERANG,SD STRADA SANTA MARIA,SD/MI,NASIONAL,swasta
131,BANTEN,KOTA TANGERANG,SD STRADA SLAMET RIYADI 01,SD/MI,NASIONAL,swasta
132,BANTEN,KOTA TANGERANG,SD STRADA ST FRANSISKUS,SD/MI,NASIONAL,swasta
133,BANTEN,KOTA TANGERANG,SDN BELENDUNG,SD/MI,NASIONAL,negeri
134,BANTEN,KOTA TANGERANG,SDN BUGEL 3,SD/MI,NASIONAL,negeri
135,BANTEN,KOTA TANGERANG,SDN CIMONE 1,SD/MI,NASIONAL,negeri
136,BANTEN,KOTA TANGERANG,SDN CIPETE 3,SD/MI,NASIONAL,negeri
137,BANTEN,KOTA TANGERANG,SDN GERENDENG 1,SD/MI,NASIONAL,swasta
138,BANTEN,KOTA TANGERANG,SDN GERENDENG 2,SD/MI,NASIONAL,negeri
139,BANTEN,KOTA TANGERANG,SDN KARAWACI 1,SD/MI,NASIONAL,negeri
140,BANTEN,KOTA TANGERANG,SDN PABUARAN 1,SD/MI,NASIONAL,negeri
141,BANTEN,KOTA TANGERANG,SDN PERIUK 4,SD/MI,NASIONAL,negeri
142,BANTEN,KOTA TANGERANG,SDN PETIR 3,SD/MI,NASIONAL,negeri
143,BANTEN,KOTA TANGERANG,SDN PORIS PELAWAD 7,SD/MI,NASIONAL,negeri
144,BANTEN,KOTA TANGERANG SELATAN,SD ISLAM AL SYUKRO,SD/MI,NASIONAL,swasta
145,BANTEN,KOTA TANGERANG SELATAN,SDN PERIGI 01,SD/MI,NASIONAL,negeri
146,BANTEN,KOTA TANGERANG SELATAN,SDN PONDOK BENDA 01,SD/MI,NASIONAL,swasta
147,BANTEN,KABUPATEN TANGERANG,SMPN 1 KELAPA DUA,SMP/MTS,MANDIRI,negeri
148,BANTEN,KOTA TANGERANG,UPT SMP NEGERI 24 TANGERANG,SMP/MTS,MANDIRI,negeri
149,BANTEN,KOTA TANGERANG,SMPN 18 TANGERANG,SMP/MTS,MANDIRI,negeri
150,BANTEN,KOTA TANGERANG SELATAN,SMPN 9 TANGERANG SELATAN,SMP/MTS,MANDIRI,negeri
151,BANTEN,KABUPATEN TANGERANG,SMPN 1 LEGOK,SMP/MTS,NASIONAL,negeri
152,BANTEN,KABUPATEN TANGERANG,SMPN 2 PAGEDANGAN,SMP/MTS,NASIONAL,negeri
153,BANTEN,KABUPATEN TANGERANG,SMPN 3 BALARAJA,SMP/MTS,NASIONAL,negeri
154,BANTEN,KABUPATEN TANGERANG,SMPN 3 CURUG,SMP/MTS,NASIONAL,negeri
155,BANTEN,KABUPATEN TANGERANG,SMPN 3 PASAR KEMI,SMP/MTS,NASIONAL,negeri
156,BANTEN,KABUPATEN TANGERANG,SMPN 4 CURUG,SMP/MTS,NASIONAL,negeri
157,BANTEN,KOTA TANGERANG,SMP STRADA SLAMET RIYADI,SMP/MTS,NASIONAL,swasta
158,BANTEN,KOTA TANGERANG,SMPN 12 TANGERANG,SMP/MTS,NASIONAL,negeri
159,BANTEN,KOTA TANGERANG,SMPN 13 TANGERANG,SMP/MTS,NASIONAL,negeri
160,BANTEN,KOTA TANGERANG,SMPN 15 TANGERANG,SMP/MTS,NASIONAL,negeri
161,BANTEN,KOTA TANGERANG,SMPN 17 TANGERANG,SMP/MTS,NASIONAL,negeri
162,BANTEN,KOTA TANGERANG,SMPN 2 TANGERANG,SMP/MTS,NASIONAL,negeri
163,BANTEN,KOTA TANGERANG,SMPN 26 KOTA TANGERANG,SMP/MTS,NASIONAL,negeri
164,BANTEN,KOTA TANGERANG,SMPN 31 KOTA TANGERANG,SMP/MTS,NASIONAL,negeri
165,BANTEN,KOTA TANGERANG,SMPN 6 TANGERANG,SMP/MTS,NASIONAL,negeri
166,BANTEN,KOTA TANGERANG,SMPN 8 TANGERANG,SMP/MTS,NASIONAL,negeri
167,BANTEN,KOTA TANGERANG SELATAN,SMP ISLAM AL SYUKRO,SMP/MTS,NASIONAL,negeri
168,BANTEN,KOTA TANGERANG SELATAN,SMP ISLAM CIKAL HARAPAN I BSD,SMP/MTS,NASIONAL,swasta
169,BANTEN,KOTA TANGERANG SELATAN,UPTD SMPN 5,SMP/MTS,NASIONAL,negeri
170,JAWA BARAT,KOTA BANDUNG,SDN LAMAJANG 02,SD/MI,MANDIRI,negeri
171,JAWA BARAT,KOTA BANDUNG,SD AR RAFI',SD/MI,MANDIRI,negeri
172,JAWA BARAT,KOTA DEPOK,SDIT MIFTAHUL ULUM DEPOK,SD/MI,MANDIRI,swasta
173,JAWA BARAT,KAB. BANDUNG,MIS PERGURUAN ISLAM,SD/MI,NASIONAL,swasta
174,JAWA BARAT,KAB. BANDUNG,SD AL- MABRUR,SD/MI,NASIONAL,swasta
175,JAWA BARAT,KAB. BANDUNG,SD PLUS AR-RAHMAT,SD/MI,NASIONAL,swasta
176,JAWA BARAT,KAB. BANDUNG,SDN KIANGROKE 01,SD/MI,NASIONAL,negeri
177,JAWA BARAT,KAB. BANDUNG,SDN PAHLAWAN,SD/MI,NASIONAL,negeri
178,JAWA BARAT,BEKASI,SDS IT SAMBA TARUMA,SD/MI,NASIONAL,swasta
179,JAWA BARAT,BOGOR,MIN 2 BOGOR,SD/MI,NASIONAL,negeri
180,JAWA BARAT,BOGOR,SDN GUNUNG PICUNG 07,SD/MI,NASIONAL,negeri
181,JAWA BARAT,BOGOR,SDS MUHAMMADIYAH,SD/MI,NASIONAL,swasta
182,JAWA BARAT,KUNINGAN,SDN 1 CIGADUNG,SD/MI,NASIONAL,negeri
183,JAWA BARAT,KOTA BANDUNG,SD BAITUL HIKMAH,SD/MI,NASIONAL,swasta
184,JAWA BARAT,KOTA BANDUNG,SD KRISTEN 5 BPK PENABUR,SD/MI,NASIONAL,swasta
185,JAWA BARAT,KOTA BANDUNG,SDN 025 CIKUTRA,SD/MI,NASIONAL,negeri
186,JAWA BARAT,KOTA BANDUNG,SDN 056 GARUDA DADALI,SD/MI,NASIONAL,negeri
187,JAWA BARAT,BEKASI,SDN 056 GARUDA DADALI,SD/MI,NASIONAL,negeri
188,JAWA BARAT,KOTA DEPOK,SD SEKOLAH ALAM MATOA,SD/MI,NASIONAL,swasta
189,JAWA BARAT,BOGOR,SMPN 2 SUKARAJA,SMP/MTS,MANDIRI,negeri
190,JAWA BARAT,CIAMIS,MTSN 13 CIAMIS,SMP/MTS,MANDIRI,negeri
191,JAWA BARAT,CIAMIS,MTSN 5 CIAMIS,SMP/MTS,MANDIRI,negeri
192,JAWA BARAT,CIAMIS,SMPN 1 CIAMIS,SMP/MTS,MANDIRI,negeri
193,JAWA BARAT,CIREBON,SMPN 1 DUKUPUNTANG,SMP/MTS,MANDIRI,negeri
194,JAWA BARAT,KAB. BANDUNG BARAT,SMPN 3 LEMBANG,SMP/MTS,NASIONAL,negeri
195,JAWA BARAT,BEKASI,SMPN 4 CIBITUNG,SMP/MTS,NASIONAL,negeri
196,JAWA BARAT,BOGOR,SMP IT AL KAHFI,SMP/MTS,NASIONAL,swasta
197,JAWA BARAT,BOGOR,SMPIT NURUL FIKRI BOGOR,SMP/MTS,NASIONAL,swasta
198,JAWA BARAT,BOGOR,SMPN 1 JASINGA,SMP/MTS,NASIONAL,negeri
199,JAWA BARAT,BOGOR,SMPN 1 PAMIJAHAN BOGOR,SMP/MTS,NASIONAL,negeri
200,JAWA BARAT,BOGOR,SMPN 2 GUNUNGPUTRI,SMP/MTS,NASIONAL,negeri
201,JAWA BARAT,BOGOR,SMPN 2 KEMANG,SMP/MTS,NASIONAL,negeri
202,JAWA BARAT,BOGOR,SMPN 2 LEUWISADENG,SMP/MTS,NASIONAL,negeri
203,JAWA BARAT,KUNINGAN,SMPN 1 JALAKSANA,SMP/MTS,NASIONAL,negeri
204,JAWA BARAT,KUNINGAN,SMPN 1 KUNINGAN,SMP/MTS,NASIONAL,negeri
205,JAWA BARAT,KOTA BEKASI,SMPN 15 BEKASI,SMP/MTS,NASIONAL,negeri
206,JAWA BARAT,KOTA CIREBON,SMP SANTA MARIA,SMP/MTS,NASIONAL,swasta
207,JAWA BARAT,KABUPATEN BEKASI,SMAN 1 SUKAKARYA,SMA/MA/SMK,MANDIRI,negeri
208,JAWA BARAT,BOGOR,SMAN 4 CIBINONG,SMA/MA/SMK,MANDIRI,negeri
209,JAWA BARAT,BOGOR,SMAN 1 PARUNG,SMA/MA/SMK,MANDIRI,negeri
210,JAWA BARAT,KUNINGAN,SMAN 1 LURAGUNG,SMA/MA/SMK,MANDIRI,negeri
211,JAWA BARAT,KOTA DEPOK,SMAN 8 DEPOK,SMA/MA/SMK,MANDIRI,negeri
212,JAWA BARAT,KAB. BANDUNG BARAT,SMAN 1 PADALARANG,SMA/MA/SMK,NASIONAL,negeri
213,JAWA BARAT,BEKASI,SMKS MITRA INDUSTRI,SMA/MA/SMK,NASIONAL,swasta
214,JAWA BARAT,BOGOR,SMA AL WAFI IBS,SMA/MA/SMK,NASIONAL,swasta
215,JAWA BARAT,BOGOR,SMAN 1 CIGOMBONG,SMA/MA/SMK,NASIONAL,negeri
216,JAWA BARAT,BOGOR,SMAN 1 CITEUREUP,SMA/MA/SMK,NASIONAL,negeri
217,JAWA BARAT,BOGOR,SMAN 1 SUKARAJA,SMA/MA/SMK,NASIONAL,negeri
218,JAWA BARAT,BOGOR,SMKN 1 CILEUNGSI,SMA/MA/SMK,NASIONAL,negeri
219,JAWA BARAT,CIREBON,SMAN 1 JAMBLANG,SMA/MA/SMK,NASIONAL,negeri
220,JAWA BARAT,GARUT,MAN 5 GARUT,SMA/MA/SMK,NASIONAL,negeri
221,JAWA BARAT,KUNINGAN,SMAN 1 CIAWIGEBANG,SMA/MA/SMK,NASIONAL,negeri
222,JAWA BARAT,KUNINGAN,SMAN 2 KUNINGAN,SMA/MA/SMK,NASIONAL,negeri
223,JAWA BARAT,KOTA BOGOR,SMAN 1 BOGOR,SMA/MA/SMK,NASIONAL,negeri
224,JAWA TENGAH,DEMAK,SDN BATURSARI 5,SD/MI,MANDIRI,negeri
225,JAWA TENGAH,DEMAK,SDN BATURSARI 6,SD/MI,MANDIRI,negeri
226,JAWA TENGAH,KEBUMEN,SDN 1 KUTOSARI,SD/MI,MANDIRI,negeri
227,JAWA TENGAH,KEBUMEN,SDN 1 KARANGDUWUR,SD/MI,MANDIRI,negeri
228,JAWA TENGAH,MAGELANG,SDIT ALAM AL HIKMAH,SD/MI,MANDIRI,swasta
229,JAWA TENGAH,PURWOREJO,SDN PADUROSO,SD/MI,MANDIRI,negeri
230,JAWA TENGAH,KOTA SURAKARTA,SD KRISTEN WIDYA WACANA JAMSAREN,SD/MI,MANDIRI,swasta
231,JAWA TENGAH,KOTA TEGAL,UPTD SPF SDN KETUREN 1,SD/MI,MANDIRI,negeri
232,JAWA TENGAH,MAGELANG,SDN GRABAG 1,SD/MI,NASIONAL,negeri
233,JAWA TENGAH,MAGELANG,SDN SALAMAN 2,SD/MI,NASIONAL,negeri
234,JAWA TENGAH,PATI,SD ISLAM TERPADU YAUMI FATIMAH,SD/MI,NASIONAL,swasta
235,JAWA TENGAH,PATI,SDN RACI 01,SD/MI,NASIONAL,negeri
236,JAWA TENGAH,PEMALANG,SDN 01 BELUK,SD/MI,NASIONAL,negeri
237,JAWA TENGAH,PURWOREJO,SDN 1 GINTUNGAN,SD/MI,NASIONAL,negeri
238,JAWA TENGAH,PURWOREJO,SDN PURWOREJO,SD/MI,NASIONAL,negeri
239,JAWA TENGAH,REMBANG,SDN 1 DADAPAN,SD/MI,NASIONAL,negeri
240,JAWA TENGAH,REMBANG,SDN 2 DOROKANDANG,SD/MI,NASIONAL,negeri
241,JAWA TENGAH,REMBANG,SDN 2 SELOPURO,SD/MI,NASIONAL,negeri
242,JAWA TENGAH,SEMARANG,MIN 1 SEMARANG,SD/MI,NASIONAL,negeri
243,JAWA TENGAH,SEMARANG,SDN SIDOMULYO 01,SD/MI,NASIONAL,negeri
244,JAWA TENGAH,SEMARANG,SDN SUDIRMAN,SD/MI,NASIONAL,negeri
245,JAWA TENGAH,SRAGEN,SD BIRRUL WALIDAIN MUHAMMADIYAH,SD/MI,NASIONAL,swasta
246,JAWA TENGAH,SRAGEN,SD ISLAM TERPADU AZ ZAHRA,SD/MI,NASIONAL,swasta
247,JAWA TENGAH,SRAGEN,SDN CELEP 3,SD/MI,NASIONAL,negeri
248,JAWA TENGAH,SRAGEN,SDN KROYO,SD/MI,NASIONAL,negeri
249,JAWA TENGAH,SRAGEN,SDN NGLOROG 1,SD/MI,NASIONAL,negeri
250,JAWA TENGAH,SRAGEN,SDN SRAGEN 1,SD/MI,NASIONAL,negeri
251,JAWA TENGAH,SRAGEN,SDN SRAGEN 3,SD/MI,NASIONAL,negeri
252,JAWA TENGAH,SUKOHARJO,SDN JETIS 01 KEC. SUKOHARJO,SD/MI,NASIONAL,negeri
253,JAWA TENGAH,TEGAL,SDN BATUAGUNG 02,SD/MI,NASIONAL,negeri
254,JAWA TENGAH,TEGAL,SDN UJUNGRUSI 01,SD/MI,NASIONAL,negeri
255,JAWA TENGAH,TEMANGGUNG,SD MUHAMMADIYAH PARAKAN,SD/MI,NASIONAL,swasta
256,JAWA TENGAH,KOTA MAGELANG,SDN MAGELANG 7,SD/MI,NASIONAL,negeri
257,JAWA TENGAH,KOTA MAGELANG,SDN WATES 4,SD/MI,NASIONAL,negeri
258,JAWA TENGAH,KOTA SEMARANG,SD ISLAM AL AZHAR 14,SD/MI,NASIONAL,swasta
259,JAWA TENGAH,KOTA SURAKARTA,SDN SIBELA TIMUR,SD/MI,NASIONAL,negeri
260,JAWA TENGAH,KOTA TEGAL,SD IHSANIYAH 1 TEGAL,SD/MI,NASIONAL,swasta
261,JAWA TENGAH,BATANG,SDN KENCONOREJO 03,SD/MI,NASIONAL,negeri
262,JAWA TENGAH,KEBUMEN,SDN 5 PANJER,SD/MI,NASIONAL,negeri
263,JAWA TENGAH,KENDAL,MIN 1 KENDAL,SD/MI,NASIONAL,negeri
264,JAWA TENGAH,KENDAL,MIN 2 KENDAL,SD/MI,NASIONAL,negeri
265,JAWA TENGAH,KENDAL,MIS NU 45 TRIMULYO,SD/MI,NASIONAL,swasta
266,JAWA TENGAH,KENDAL,SDN 2 PEGULON,SD/MI,NASIONAL,negeri
267,JAWA TENGAH,CILACAP,SMPN 8 CILACAP,SMP/MTS,MANDIRI,negeri
268,JAWA TENGAH,CILACAP,SMPN 2 KROYA,SMP/MTS,MANDIRI,negeri
269,JAWA TENGAH,PATI,SMPN 1 SUKOLILO,SMP/MTS,MANDIRI,negeri
270,JAWA TENGAH,PATI,SMPN 1 GUNUNGWUNGKAL,SMP/MTS,MANDIRI,negeri
271,JAWA TENGAH,PATI,SMPN 1 JUWANA,SMP/MTS,MANDIRI,negeri
272,JAWA TENGAH,PATI,SMPN 4 PATI,SMP/MTS,MANDIRI,negeri
273,JAWA TENGAH,PATI,SMPN 5 PATI,SMP/MTS,MANDIRI,negeri
274,JAWA TENGAH,PATI,SMPN 1 TAYU,SMP/MTS,MANDIRI,negeri
275,JAWA TENGAH,SRAGEN,SMPN 2 NGRAMPAL,SMP/MTS,MANDIRI,negeri
276,JAWA TENGAH,SRAGEN,SMPN 1 TANON,SMP/MTS,MANDIRI,negeri
277,JAWA TENGAH,SRAGEN,SMPN 1 KALIJAMBE,SMP/MTS,MANDIRI,negeri
278,JAWA TENGAH,SRAGEN,SMPN 2 GONDANG,SMP/MTS,MANDIRI,negeri
279,JAWA TENGAH,TEMANGGUNG,SMPN 1 KANDANGAN,SMP/MTS,MANDIRI,negeri
280,JAWA TENGAH,TEMANGGUNG,SMPN 2 TEMANGGUNG,SMP/MTS,MANDIRI,negeri
281,JAWA TENGAH,WONOSOBO,MTSN I WONOSOBO,SMP/MTS,MANDIRI,negeri
282,JAWA TENGAH,KOTA MAGELANG,SMPN 2 MAGELANG,SMP/MTS,MANDIRI,negeri
283,JAWA TENGAH,KOTA SEMARANG,SMPN 31 SEMARANG,SMP/MTS,MANDIRI,negeri
284,JAWA TENGAH,KOTA SURAKARTA,SMPN 4 SURAKARTA,SMP/MTS,MANDIRI,negeri
285,JAWA TENGAH,KOTA SURAKARTA,SMPN 12 SURAKARTA,SMP/MTS,MANDIRI,negeri
286,JAWA TENGAH,MAGELANG,SMPN 1 MUNGKID,SMP/MTS,NASIONAL,negeri
287,JAWA TENGAH,MAGELANG,SMPN 1 NGABLAK,SMP/MTS,NASIONAL,negeri
288,JAWA TENGAH,PATI,MTSN 1 PATI,SMP/MTS,NASIONAL,negeri
289,JAWA TENGAH,PATI,SMPN 1 DUKUHSETI,SMP/MTS,NASIONAL,negeri
290,JAWA TENGAH,PATI,SMPN 1 PATI,SMP/MTS,NASIONAL,negeri
291,JAWA TENGAH,PATI,SMPN 2 BATANGAN,SMP/MTS,NASIONAL,negeri
292,JAWA TENGAH,PATI,SMPN 2 MARGOREJO,SMP/MTS,NASIONAL,negeri
293,JAWA TENGAH,PATI,SMPN 2 TAYU,SMP/MTS,NASIONAL,negeri
294,JAWA TENGAH,PATI,SMPN 8 PATI,SMP/MTS,NASIONAL,negeri
295,JAWA TENGAH,PURBALINGGA,SMPN 1 BOJONGSARI,SMP/MTS,NASIONAL,negeri
296,JAWA TENGAH,PURBALINGGA,SMPN 1 KALIGONDANG,SMP/MTS,NASIONAL,negeri
297,JAWA TENGAH,PURBALINGGA,SMPN 1 KALIMANAH,SMP/MTS,NASIONAL,negeri
298,JAWA TENGAH,REMBANG,SMPN 1 KRAGAN,SMP/MTS,NASIONAL,negeri
299,JAWA TENGAH,REMBANG,SMPN 1 PAMOTAN,SMP/MTS,NASIONAL,negeri
300,JAWA TENGAH,REMBANG,SMPN 1 PANCUR,SMP/MTS,NASIONAL,negeri
301,JAWA TENGAH,REMBANG,SMPN 1 REMBANG,SMP/MTS,NASIONAL,negeri
302,JAWA TENGAH,REMBANG,SMPN 1 SUMBER,SMP/MTS,NASIONAL,negeri
303,JAWA TENGAH,SRAGEN,MTSN 4 SRAGEN,SMP/MTS,NASIONAL,negeri
304,JAWA TENGAH,SRAGEN,SMPN 1 GONDANG,SMP/MTS,NASIONAL,negeri
305,JAWA TENGAH,SRAGEN,SMPN 1 KEDAWUNG,SMP/MTS,NASIONAL,negeri
306,JAWA TENGAH,SRAGEN,SMPN 1 TANGEN,SMP/MTS,NASIONAL,negeri
307,JAWA TENGAH,SRAGEN,SMPN 3 SATU ATAP SAMBIREJO,SMP/MTS,NASIONAL,negeri
308,JAWA TENGAH,SUKOHARJO,SMP ISLAM AL HADI,SMP/MTS,NASIONAL,swasta
309,JAWA TENGAH,SUKOHARJO,SMPN 1 GATAK,SMP/MTS,NASIONAL,negeri
310,JAWA TENGAH,SUKOHARJO,SMPN 1 NGUTER,SMP/MTS,NASIONAL,negeri
311,JAWA TENGAH,SUKOHARJO,SMPN 1 POLOKARTO,SMP/MTS,NASIONAL,negeri
312,JAWA TENGAH,SUKOHARJO,SMPN 1 TAWANGSARI,SMP/MTS,NASIONAL,negeri
313,JAWA TENGAH,SUKOHARJO,SMPN 2 TAWANGSARI,SMP/MTS,NASIONAL,negeri
314,JAWA TENGAH,SUKOHARJO,SMPN 3 KARTASURA,SMP/MTS,NASIONAL,negeri
315,JAWA TENGAH,TEGAL,SMPN 1 KRAMAT,SMP/MTS,NASIONAL,negeri
316,JAWA TENGAH,TEGAL,SMPN 2 PAGERBARANG,SMP/MTS,NASIONAL,negeri
317,JAWA TENGAH,TEGAL,SMPN 2 WARUREJA,SMP/MTS,NASIONAL,negeri
318,JAWA TENGAH,KOTA SURAKARTA,SMPN 13 SURAKARTA,SMP/MTS,NASIONAL,negeri
319,JAWA TENGAH,KOTA SURAKARTA,SMPN 23 SURAKARTA,SMP/MTS,NASIONAL,negeri
320,JAWA TENGAH,KOTA TEGAL,SMPN 6 TEGAL,SMP/MTS,NASIONAL,negeri
321,JAWA TENGAH,KOTA TEGAL,SMPN 9 TEGAL,SMP/MTS,NASIONAL,negeri
322,JAWA TENGAH,KOTA TEGAL,SMPN 3 TEGAL,SMP/MTS,NASIONAL,negeri
323,JAWA TENGAH,BANJARNEGARA,SMPN 1 BAWANG,SMP/MTS,NASIONAL,negeri
324,JAWA TENGAH,BANJARNEGARA,SMPN 1 PURWANEGARA,SMP/MTS,NASIONAL,negeri
325,JAWA TENGAH,BANJARNEGARA,SMPN 2 RAKIT,SMP/MTS,NASIONAL,negeri
326,JAWA TENGAH,BLORA,SMPN 2 SAMBONG,SMP/MTS,NASIONAL,negeri
327,JAWA TENGAH,BLORA,SMPN 5 CEPU,SMP/MTS,NASIONAL,negeri
328,JAWA TENGAH,BOYOLALI,SMPN 1 BOYOLALI,SMP/MTS,NASIONAL,negeri
329,JAWA TENGAH,CILACAP,SMPN 1 KROYA,SMP/MTS,NASIONAL,negeri
330,JAWA TENGAH,CILACAP,SMPN 1 SAMPANG,SMP/MTS,NASIONAL,negeri
331,JAWA TENGAH,CILACAP,SMPN 2 NUSAWUNGU,SMP/MTS,NASIONAL,negeri
332,JAWA TENGAH,DEMAK,SMPN 3 DEMAK,SMP/MTS,NASIONAL,negeri
333,JAWA TENGAH,GROBOGAN,SMPN 3 DEMAK,SMP/MTS,NASIONAL,negeri
334,JAWA TENGAH,GROBOGAN,SMPN 1 KARANGRAYUNG,SMP/MTS,NASIONAL,negeri
335,JAWA TENGAH,JEPARA,SMPN 1 KARANGRAYUNG,SMP/MTS,NASIONAL,negeri
336,JAWA TENGAH,KENDAL,SMPN 1 PEGANDON,SMP/MTS,NASIONAL,negeri
337,JAWA TENGAH,KLATEN,SMPN 1 KARANGANOM,SMP/MTS,NASIONAL,negeri
338,JAWA TENGAH,KLATEN,SMPN 1 KLATEN,SMP/MTS,NASIONAL,negeri
339,JAWA TENGAH,KLATEN,SMPN 1 PRAMBANAN,SMP/MTS,NASIONAL,negeri
340,JAWA TENGAH,KLATEN,SMPN 2 KLATEN,SMP/MTS,NASIONAL,negeri
341,JAWA TENGAH,KUDUS,SMP 2 UNDAAN,SMP/MTS,NASIONAL,swasta
342,JAWA TENGAH,BLORA,SMAN 2 BLORA,SMA/MA/SMK,MANDIRI,negeri
343,JAWA TENGAH,SEMARANG,SMKN H. MOENADI UNGARAN,SMA/MA/SMK,MANDIRI,negeri
344,JAWA TENGAH,SRAGEN,SMAN 1 GEMOLONG,SMA/MA/SMK,MANDIRI,negeri
345,JAWA TENGAH,SUKOHARJO,SMKN 2 SUKOHARJO,SMA/MA/SMK,MANDIRI,negeri
346,JAWA TENGAH,TEMANGGUNG,SMAN 1 PARAKAN,SMA/MA/SMK,MANDIRI,negeri
347,JAWA TENGAH,KOTA PEKALONGAN,SMAN 1 PEKALONGAN,SMA/MA/SMK,MANDIRI,negeri
348,JAWA TENGAH,KOTA SEMARANG,SMAN 4 SEMARANG,SMA/MA/SMK,MANDIRI,negeri
349,JAWA TENGAH,KOTA SURAKARTA,SMKN 3 SURAKARTA,SMA/MA/SMK,MANDIRI,negeri
350,JAWA TENGAH,PATI,MAN 2 PATI,SMA/MA/SMK,NASIONAL,negeri
351,JAWA TENGAH,PATI,SMAN 1 KAYEN,SMA/MA/SMK,NASIONAL,negeri
352,JAWA TENGAH,PEKALONGAN,SMAN 1 WIRADESA,SMA/MA/SMK,NASIONAL,negeri
353,JAWA TENGAH,PURWOREJO,MAS AN-NAWAWI BERJAN,SMA/MA/SMK,NASIONAL,swasta
354,JAWA TENGAH,SRAGEN,SMAN 1 SUMBERLAWANG,SMA/MA/SMK,NASIONAL,negeri
355,JAWA TENGAH,SRAGEN,SMKN 1 MIRI,SMA/MA/SMK,NASIONAL,negeri
356,JAWA TENGAH,WONOSOBO,MAN 2 WONOSOBO,SMA/MA/SMK,NASIONAL,negeri
357,JAWA TENGAH,TEGAL,SMAN 3 TEGAL,SMA/MA/SMK,NASIONAL,negeri
358,JAWA TENGAH,BANJARNEGARA,SMAN 1 KARANGKOBAR,SMA/MA/SMK,NASIONAL,negeri
359,JAWA TENGAH,BANJARNEGARA,SMPN 1 PEJAWARAN,SMA/MA/SMK,NASIONAL,negeri
360,JAWA TENGAH,BLORA,SMAN 1 BLORA,SMA/MA/SMK,NASIONAL,negeri
361,JAWA TENGAH,KENDAL,SMAN 1 LIMBANGAN,SMA/MA/SMK,NASIONAL,negeri
362,JAWA TENGAH,KUDUS,SMAN I MEJOBO,SMA/MA/SMK,NASIONAL,negeri
363,DI YOGYAKARTA,KULON PROGO,SDN JETAK,SD/MI,MANDIRI,negeri
364,DI YOGYAKARTA,KULON PROGO,SDN KEMBANGMALANG,SD/MI,NASIONAL,negeri
365,DI YOGYAKARTA,SLEMAN,SDN MLATI 2,SD/MI,NASIONAL,negeri
366,DI YOGYAKARTA,SLEMAN,SMPN 2 PAKEM,SMP/MTS,MANDIRI,negeri
367,DI YOGYAKARTA,KOTA YOGYAKARTA,SMPN 6 YOGYAKARTA,SMP/MTS,NASIONAL,negeri
368,DI YOGYAKARTA,GUNUNG KIDUL,SMAN 1 KARANGMOJO,SMA/MA/SMK,MANDIRI,negeri
369,DI YOGYAKARTA,GUNUNG KIDUL,SMAN 2 WATES,SMA/MA/SMK,MANDIRI,negeri
370,DI YOGYAKARTA,SLEMAN,SMAN 1 KALASAN,SMA/MA/SMK,MANDIRI,negeri
371,DI YOGYAKARTA,SLEMAN,SMKN 1 TEMPEL,SMA/MA/SMK,MANDIRI,negeri
372,DI YOGYAKARTA,SLEMAN,SMKN 2 GODEAN,SMA/MA/SMK,MANDIRI,negeri
373,DI YOGYAKARTA,SLEMAN,SMAN 1 YOGYAKARTA,SMA/MA/SMK,MANDIRI,negeri
374,JAWA TIMUR,GRESIK,UPT SDN 6 GRESIK,SD/MI,MANDIRI,negeri
375,JAWA TIMUR,GRESIK,UPT SDN 8 GRESIK,SD/MI,MANDIRI,negeri
376,JAWA TIMUR,GRESIK,UPT SDN 3 GRESIK,SD/MI,MANDIRI,negeri
377,JAWA TIMUR,JOMBANG,MIN 4 JOMBANG,SD/MI,MANDIRI,negeri
378,JAWA TIMUR,LAMONGAN,SDN KARANGGENENG,SD/MI,MANDIRI,negeri
379,JAWA TIMUR,MADIUN,SDN MEJAYAN 01,SD/MI,MANDIRI,negeri
380,JAWA TIMUR,NGAWI,SDN KARANGTENGAH 4 NGAWI,SD/MI,MANDIRI,negeri
381,JAWA TIMUR,KOTA BATU,SDN MOJOREJO 01,SD/MI,MANDIRI,negeri
382,JAWA TIMUR,KOTA MADIUN,SDN 01 WINONGO,SD/MI,MANDIRI,negeri
383,JAWA TIMUR,KOTA MADIUN,SDN ORO-ORO OMBO,SD/MI,MANDIRI,negeri
384,JAWA TIMUR,KOTA MADIUN,SDN 02 NAMBANGAN KIDUL,SD/MI,MANDIRI,negeri
385,JAWA TIMUR,KOTA MADIUN,SDN 02 KANIGORO,SD/MI,MANDIRI,negeri
386,JAWA TIMUR,KOTA MADIUN,SDN 02 MOJOREJO,SD/MI,MANDIRI,negeri
387,JAWA TIMUR,KOTA MADIUN,SDN 02 PANDEAN,SD/MI,MANDIRI,negeri
388,JAWA TIMUR,KOTA MADIUN,SDN 02 KLEGEN,SD/MI,MANDIRI,negeri
389,JAWA TIMUR,KOTA MADIUN,SDN 03 MADIUN LOR,SD/MI,MANDIRI,negeri
390,JAWA TIMUR,KOTA MOJOKERTO,SDN WATES 3,SD/MI,MANDIRI,negeri
391,JAWA TIMUR,KOTA MOJOKERTO,SDN KRANGGAN 1,SD/MI,MANDIRI,negeri
392,JAWA TIMUR,KOTA MOJOKERTO,SDN PULOREJO 1,SD/MI,MANDIRI,negeri
393,JAWA TIMUR,KOTA PROBOLINGGO,SDN TISNONEGARAN 1,SD/MI,MANDIRI,negeri
394,JAWA TIMUR,KOTA SURABAYA,SDN MANUKAN KULON II/499,SD/MI,MANDIRI,negeri
395,JAWA TIMUR,KOTA SURABAYA,SDN MANUKAN KULON,SD/MI,MANDIRI,negeri
396,JAWA TIMUR,BANYUWANGI,SDN 1 PLAMPANGREJO,SD/MI,NASIONAL,negeri
397,JAWA TIMUR,BANYUWANGI,SDN 3 SARIMULYO,SD/MI,NASIONAL,negeri
398,JAWA TIMUR,BLITAR,MIN 1 BLITAR,SD/MI,NASIONAL,negeri
399,JAWA TIMUR,GRESIK,MIN 1 GRESIK,SD/MI,NASIONAL,negeri
400,JAWA TIMUR,GRESIK,MIN 2 GRESIK,SD/MI,NASIONAL,negeri
401,JAWA TIMUR,GRESIK,MIS MA'ARIF NU NURUL ULUM,SD/MI,NASIONAL,swasta
402,JAWA TIMUR,GRESIK,MIS MUTTABIUL HUDA,SD/MI,NASIONAL,swasta
403,JAWA TIMUR,GRESIK,UPT SDN 21 GRESIK,SD/MI,NASIONAL,negeri
404,JAWA TIMUR,GRESIK,UPT SDN 33 GRESIK,SD/MI,NASIONAL,negeri
405,JAWA TIMUR,JOMBANG,MIS THOYIB HIDAYAT,SD/MI,NASIONAL,swasta
406,JAWA TIMUR,MOJOKERTO,SDN JASEM,SD/MI,NASIONAL,negeri
407,JAWA TIMUR,NGANJUK,SDN 1 JATIREJO,SD/MI,NASIONAL,negeri
408,JAWA TIMUR,NGANJUK,SDN 2 KAUMAN,SD/MI,NASIONAL,negeri
409,JAWA TIMUR,NGANJUK,SDN 3 PAYAMAN,SD/MI,NASIONAL,negeri
410,JAWA TIMUR,PAMEKASAN,SDN TEJA BARAT 3,SD/MI,NASIONAL,negeri
411,JAWA TIMUR,PROBOLINGGO,SDN PATOKAN I KRAKSAAN,SD/MI,NASIONAL,negeri
412,JAWA TIMUR,TUBAN,SDN TASIKMADU I PALANG,SD/MI,NASIONAL,negeri
413,JAWA TIMUR,KOTA BATU,SDN PANDANREJO 02,SD/MI,NASIONAL,negeri
414,JAWA TIMUR,KOTA BLITAR,UPT SATUAN PENDIDIKAN SDN 1 TANJUNGSARI,SD/MI,NASIONAL,negeri
415,JAWA TIMUR,KOTA KEDIRI,SDN SUKORAME 2,SD/MI,NASIONAL,negeri
416,JAWA TIMUR,KOTA KEDIRI,SDN TAMANAN,SD/MI,NASIONAL,negeri
417,JAWA TIMUR,KOTA MADIUN,MIN 2 KOTA MADIUN,SD/MI,NASIONAL,negeri
418,JAWA TIMUR,KOTA MADIUN,MIS ISLAMIYAH 01,SD/MI,NASIONAL,swasta
419,JAWA TIMUR,KOTA MADIUN,MIS ISLAMIYAH 02,SD/MI,NASIONAL,swasta
420,JAWA TIMUR,KOTA MADIUN,MIS ISLAMIYAH 03,SD/MI,NASIONAL,swasta
421,JAWA TIMUR,KOTA MADIUN,MIS TERPADU BAKTI IBU,SD/MI,NASIONAL,swasta
422,JAWA TIMUR,KOTA MADIUN,SD ADVENT IMANUEL,SD/MI,NASIONAL,swasta
423,JAWA TIMUR,KOTA MADIUN,SDN 01 PANDEAN,SD/MI,NASIONAL,negeri
424,JAWA TIMUR,KOTA MADIUN,SDN 02 DEMANGAN,SD/MI,NASIONAL,negeri
425,JAWA TIMUR,KOTA MADIUN,SDN 02 JOSENAN,SD/MI,NASIONAL,negeri
426,JAWA TIMUR,KOTA MADIUN,SDN 02 KARTOHARJO,SD/MI,NASIONAL,negeri
427,JAWA TIMUR,KOTA MADIUN,SDN 02 TAWANGREJO,SD/MI,NASIONAL,negeri
428,JAWA TIMUR,KOTA MADIUN,SDN 03 TAMAN,SD/MI,NASIONAL,negeri
429,JAWA TIMUR,KOTA MADIUN,SDN 04 KLEGEN,SD/MI,NASIONAL,negeri
430,JAWA TIMUR,KOTA MADIUN,SDN 04 MANISREJO,SD/MI,NASIONAL,negeri
431,JAWA TIMUR,KOTA MADIUN,SDN KEJURON,SD/MI,NASIONAL,negeri
432,JAWA TIMUR,KOTA MADIUN,SDN KELUN,SD/MI,NASIONAL,negeri
433,JAWA TIMUR,KOTA MADIUN,SDN REJOMULYO,SD/MI,NASIONAL,negeri
434,JAWA TIMUR,KOTA MALANG,SD ISLAM SURYA BUANA,SD/MI,NASIONAL,swasta
435,JAWA TIMUR,KOTA MALANG,SDN BUMIAYU 3,SD/MI,NASIONAL,negeri
436,JAWA TIMUR,KOTA MALANG,SDN BURING,SD/MI,NASIONAL,negeri
437,JAWA TIMUR,KOTA MALANG,SDN KOTALAMA 5,SD/MI,NASIONAL,negeri
438,JAWA TIMUR,KOTA MOJOKERTO,SDN KRANGGAN 4,SD/MI,NASIONAL,negeri
439,JAWA TIMUR,KOTA MOJOKERTO,SDN MIJI 4,SD/MI,NASIONAL,negeri
440,JAWA TIMUR,KOTA PROBOLINGGO,SDN KANIGARAN 1,SD/MI,NASIONAL,negeri
441,JAWA TIMUR,KOTA PROBOLINGGO,SDN KANIGARAN 3,SD/MI,NASIONAL,negeri
442,JAWA TIMUR,KOTA PROBOLINGGO,SDN KEBONSARI KULON 1,SD/MI,NASIONAL,negeri
443,JAWA TIMUR,KOTA SURABAYA,SD AL KAUTSAR,SD/MI,NASIONAL,swasta
444,JAWA TIMUR,KOTA SURABAYA,SDN BABAT JERAWAT 1,SD/MI,NASIONAL,negeri
445,JAWA TIMUR,KOTA SURABAYA,SDN BANJARSUGIHAN V /617,SD/MI,NASIONAL,negeri
446,JAWA TIMUR,KOTA SURABAYA,SDN BANYU URIP III/364,SD/MI,NASIONAL,negeri
447,JAWA TIMUR,KOTA SURABAYA,SDN JEMUR WONOSARI I417,SD/MI,NASIONAL,negeri
448,JAWA TIMUR,KOTA SURABAYA,SDN KAPASARI VIII,SD/MI,NASIONAL,negeri
449,JAWA TIMUR,KOTA SURABAYA,SDN NGAGEL I/394,SD/MI,NASIONAL,negeri
450,JAWA TIMUR,KOTA SURABAYA,SDN NGINDEN JANGKUNGAN I/247,SD/MI,NASIONAL,negeri
451,JAWA TIMUR,KOTA SURABAYA,SDN RUNGKUT KIDUL I NO. 267,SD/MI,NASIONAL,negeri
452,JAWA TIMUR,KOTA SURABAYA,SDN SIMOKERTO I/134,SD/MI,NASIONAL,negeri
453,JAWA TIMUR,KOTA SURABAYA,SDN WONOKUSUMO IV/43,SD/MI,NASIONAL,negeri
454,JAWA TIMUR,BANYUWANGI,SMPN 2 GENTENG,SMP/MTS,MANDIRI,negeri
455,JAWA TIMUR,BLITAR,UPT SMPN 1 NGLEGOK,SMP/MTS,MANDIRI,negeri
456,JAWA TIMUR,BLITAR,UPT SMPN 1 GARUM,SMP/MTS,MANDIRI,negeri
457,JAWA TIMUR,GRESIK,UPT SMPN 9 GRESIK,SMP/MTS,MANDIRI,negeri
458,JAWA TIMUR,JOMBANG,MTSN 16 JOMBANG,SMP/MTS,MANDIRI,negeri
459,JAWA TIMUR,JOMBANG,SMPN 3 MOJOAGUNG,SMP/MTS,MANDIRI,negeri
460,JAWA TIMUR,LAMONGAN,SMPN 4 LAMONGAN,SMP/MTS,MANDIRI,negeri
461,JAWA TIMUR,LAMONGAN,SMPN 1 MODO,SMP/MTS,MANDIRI,negeri
462,JAWA TIMUR,MADIUN,SMPN 4 MEJAYAN,SMP/MTS,MANDIRI,negeri
463,JAWA TIMUR,MADIUN,SMPN 2 SARADAN,SMP/MTS,MANDIRI,negeri
464,JAWA TIMUR,MALANG,SMPN 1 PAKIS,SMP/MTS,MANDIRI,negeri
465,JAWA TIMUR,MALANG,MTSN 2 MALANG,SMP/MTS,MANDIRI,negeri
466,JAWA TIMUR,MOJOKERTO,SMPN 2 TROWULAN,SMP/MTS,MANDIRI,negeri
467,JAWA TIMUR,PACITAN,SMPN 1 DONOROJO,SMP/MTS,MANDIRI,negeri
468,JAWA TIMUR,PAMEKASAN,SMPN 2 LARANGAN,SMP/MTS,MANDIRI,negeri
469,JAWA TIMUR,PROBOLINGGO,SMPN 2 KRAKSAAN,SMP/MTS,MANDIRI,negeri
470,JAWA TIMUR,TULUNGAGUNG,SMPN 1 NGANTRU,SMP/MTS,MANDIRI,negeri
471,JAWA TIMUR,KOTA BLITAR,UPT SATUAN PENDIDIKAN SMPN 6,SMP/MTS,MANDIRI,negeri
472,JAWA TIMUR,KOTA BLITAR,UPT SATUAN PENDIDIKAN SMPN 8,SMP/MTS,MANDIRI,negeri
473,JAWA TIMUR,KOTA KEDIRI,SMPN 6 KEDIRI,SMP/MTS,MANDIRI,negeri
474,JAWA TIMUR,KOTA MADIUN,SMPN 8 MADIUN,SMP/MTS,MANDIRI,negeri
475,JAWA TIMUR,KOTA MOJOKERTO,SMPN 1 MOJOKERTO,SMP/MTS,MANDIRI,negeri
476,JAWA TIMUR,KOTA MOJOKERTO,UPT SMPN 9,SMP/MTS,MANDIRI,negeri
477,JAWA TIMUR,KOTA PROBOLINGGO,SMPN 5 PROBOLINGGO,SMP/MTS,MANDIRI,negeri
478,JAWA TIMUR,KOTA SURABAYA,SMPN 15 SURABAYA,SMP/MTS,MANDIRI,negeri
479,JAWA TIMUR,KOTA SURABAYA,SMPN 42 SURABAYA,SMP/MTS,MANDIRI,negeri
480,JAWA TIMUR,KOTA SURABAYA,SMPN 19 SURABAYA,SMP/MTS,MANDIRI,negeri
481,JAWA TIMUR,BLITAR,UPT SMPN 1 KESAMBEN,SMP/MTS,NASIONAL,negeri
482,JAWA TIMUR,BLITAR,UPT SMPN 1 TALUN,SMP/MTS,NASIONAL,negeri
483,JAWA TIMUR,BOJONEGORO,SMPN 1 BUBULAN,SMP/MTS,NASIONAL,negeri
484,JAWA TIMUR,GRESIK,UPT SMPN 14 GRESIK,SMP/MTS,NASIONAL,negeri
485,JAWA TIMUR,GRESIK,UPT SMPN 5 GRESIK,SMP/MTS,NASIONAL,negeri
486,JAWA TIMUR,JOMBANG,SMPN 1 JOGOROTO,SMP/MTS,NASIONAL,negeri
487,JAWA TIMUR,JOMBANG,SMPN 2 PLANDAAN,SMP/MTS,NASIONAL,negeri
488,JAWA TIMUR,LAMONGAN,SMPN 1 DEKET,SMP/MTS,NASIONAL,negeri
489,JAWA TIMUR,LAMONGAN,SMPN 1 KEDUNGPRING,SMP/MTS,NASIONAL,negeri
490,JAWA TIMUR,LAMONGAN,SMPN 1 KEMBANGBAHU,SMP/MTS,NASIONAL,negeri
491,JAWA TIMUR,MADIUN,MTSN 11 MADIUN,SMP/MTS,NASIONAL,negeri
492,JAWA TIMUR,MADIUN,MTSN 7 MADIUN,SMP/MTS,NASIONAL,negeri
493,JAWA TIMUR,MAGETAN,SMPN 1 MAGETAN,SMP/MTS,NASIONAL,negeri
494,JAWA TIMUR,MAGETAN,SMPN 1 SUKOMORO,SMP/MTS,NASIONAL,negeri
495,JAWA TIMUR,MALANG,SMPN 1 WAGIR,SMP/MTS,NASIONAL,negeri
496,JAWA TIMUR,MOJOKERTO,SMPN 1 KUTOREJO,SMP/MTS,NASIONAL,negeri
497,JAWA TIMUR,MOJOKERTO,SMPN 2 MOJOANYAR,SMP/MTS,NASIONAL,negeri
498,JAWA TIMUR,NGANJUK,SMPN 1 GONDANG,SMP/MTS,NASIONAL,negeri
499,JAWA TIMUR,NGAWI,MTSN 5 NGAWI,SMP/MTS,NASIONAL,negeri
500,JAWA TIMUR,NGAWI,SMPN 1 JOGOROGO,SMP/MTS,NASIONAL,negeri
501,JAWA TIMUR,PACITAN,SMPN 1 PUNUNG,SMP/MTS,NASIONAL,negeri
502,JAWA TIMUR,TRENGGALEK,SMPN 2 DURENAN,SMP/MTS,NASIONAL,negeri
503,JAWA TIMUR,TUBAN,SMPN 3 SEMANDING,SMP/MTS,NASIONAL,negeri
504,JAWA TIMUR,TUBAN,UPT SMPN 1 PALANG,SMP/MTS,NASIONAL,negeri
505,JAWA TIMUR,TULUNGAGUNG,SMPN 1 BANDUNG,SMP/MTS,NASIONAL,negeri
506,JAWA TIMUR,KOTA MADIUN,MTSN KOTA MADIUN,SMP/MTS,NASIONAL,negeri
507,JAWA TIMUR,KOTA PROBOLINGGO,MTSN KOTA PROBOLINGGO,SMP/MTS,NASIONAL,negeri
508,JAWA TIMUR,KOTA PROBOLINGGO,SMPN 9 PROBOLINGGO,SMP/MTS,NASIONAL,negeri
509,JAWA TIMUR,KOTA SURABAYA,SMPN 1 SURABAYA,SMP/MTS,NASIONAL,negeri
510,JAWA TIMUR,KOTA SURABAYA,SMPN 10 SURABAYA,SMP/MTS,NASIONAL,negeri
511,JAWA TIMUR,KOTA SURABAYA,SMPN 22 SURABAYA,SMP/MTS,NASIONAL,negeri
512,JAWA TIMUR,KOTA SURABAYA,SMPN 56 SURABAYA,SMP/MTS,NASIONAL,negeri
513,JAWA TIMUR,BLITAR,MAN 1 BLITAR,SMA/MA/SMK,MANDIRI,negeri
514,JAWA TIMUR,GRESIK,SMK ASSA'ADAH,SMA/MA/SMK,MANDIRI,swasta
515,JAWA TIMUR,NGANJUK,MAN 1 NGANJUK,SMA/MA/SMK,MANDIRI,negeri
516,JAWA TIMUR,NGAWI,SMAN 1 JOGOROGO,SMA/MA/SMK,MANDIRI,negeri
517,JAWA TIMUR,TUBAN,MAN 1 TUBAN,SMA/MA/SMK,MANDIRI,negeri
518,JAWA TIMUR,BANYUWANGI,SMKN KALIBARU,SMA/MA/SMK,NASIONAL,negeri
519,JAWA TIMUR,PACITAN,SMAN 1 PACITAN,SMA/MA/SMK,NASIONAL,negeri
520,JAWA TIMUR,PROBOLINGGO,SMKN 2 KRAKSAAN,SMA/MA/SMK,NASIONAL,negeri
521,JAWA TIMUR,SIDOARJO,SMAN 2 SIDOARJO,SMA/MA/SMK,NASIONAL,negeri
522,JAWA TIMUR,TRENGGALEK,SMAN 1 KARANGAN,SMA/MA/SMK,NASIONAL,negeri
523,JAWA TIMUR,TUBAN,SMAN 1 TAMBAKBOYO,SMA/MA/SMK,NASIONAL,negeri
524,BALI,BULELENG,SDN 1 BANYUNING,SD/MI,MANDIRI,negeri
525,BALI,KOTA DENPASAR,SDN 4 TONJA,SD/MI,MANDIRI,negeri
526,BALI,BULELENG,SMPN 6 SINGARAJA,SMP/MTS,MANDIRI,negeri
527,BALI,BULELENG,SMPN 2 SINGARAJA,SMP/MTS,MANDIRI,negeri
528,BALI,BULELENG,SMPN 3 SERIRIT,SMP/MTS,MANDIRI,negeri
529,BALI,BULELENG,SMPN 5 SINGARAJA,SMP/MTS,MANDIRI,negeri
530,BALI,JEMBRANA,SMPN 1 NEGARA,SMP/MTS,MANDIRI,negeri
531,BALI,BULELENG,SMPN 1 TEJAKULA,SMP/MTS,NASIONAL,negeri
532,NUSA TENGGARA BARAT,LOMBOK BARAT,MAS SAYANG IBU,SMA/MA/SMK,NASIONAL,swasta
533,NUSA TENGGARA TIMUR,ENDE,SMP KATOLIK MARIA GORETI ENDE,SMP/MTS,NASIONAL,swasta
534,KALIMANTAN BARAT,KOTA PONTIANAK,SD PLUS BINA EMPAT LIMA,SD/MI,NASIONAL,swasta
535,KALIMANTAN BARAT,MEMPAWAH,SMPN 1 MEMPAWAH HILIR,SMP/MTS,NASIONAL,negeri
536,KALIMANTAN BARAT,KOTA PONTIANAK,SMAN 7 PONTIANAK,SMA/MA/SMK,NASIONAL,negeri
537,KALIMANTAN TENGAH,KOTAWARINGIN BARAT,SDN 2 SIDOREJO,SD/MI,MANDIRI,negeri
538,KALIMANTAN TENGAH,KOTAWARINGIN BARAT,SDS BUMITAMA,SD/MI,MANDIRI,swasta
539,KALIMANTAN TENGAH,KOTAWARINGIN BARAT,SDN - 2 MENDAWAI,SD/MI,MANDIRI,negeri
540,KALIMANTAN TENGAH,KOTAWARINGIN BARAT,SDS HARAPAN SEJAHTERA,SD/MI,MANDIRI,swasta
541,KALIMANTAN TENGAH,KOTAWARINGIN TIMUR,SDS BUMITAMA SBHE,SD/MI,MANDIRI,swasta
542,KALIMANTAN TENGAH,SUKAMARA,SDN MENDAWAI 3,SD/MI,MANDIRI,negeri
543,KALIMANTAN TENGAH,KOTAWARINGIN BARAT,SDN 5 MADUREJO,SD/MI,NASIONAL,negeri
544,KALIMANTAN TENGAH,KOTAWARINGIN BARAT,SDN 8 MADUREJO,SD/MI,NASIONAL,negeri
545,KALIMANTAN TENGAH,KOTAWARINGIN BARAT,SDS 015 BEST AGRO,SD/MI,NASIONAL,swasta
546,KALIMANTAN TENGAH,KOTAWARINGIN TIMUR,SDS 23 BEST AGRO,SD/MI,NASIONAL,swasta
547,KALIMANTAN TENGAH,KOTAWARINGIN TIMUR,SDS HAMPARAN 2,SD/MI,NASIONAL,swasta
548,KALIMANTAN TENGAH,SERUYAN,SD WIJAYA KUSUMA,SD/MI,NASIONAL,swasta
549,KALIMANTAN TENGAH,SERUYAN,SDS 17 BEST AGRO,SD/MI,NASIONAL,swasta
550,KALIMANTAN TENGAH,SERUYAN,SDS HAMPARAN 1,SD/MI,NASIONAL,swasta
551,KALIMANTAN TENGAH,KOTAWARINGIN BARAT,SMP INDAH MAKMUR,SMP/MTS,MANDIRI,negeri
552,KALIMANTAN TENGAH,KOTAWARINGIN BARAT,SMPN 2 PANGKALAN LADA,SMP/MTS,MANDIRI,negeri
553,KALIMANTAN TENGAH,KOTAWARINGIN TIMUR,SMPS HAMPARAN 2,SMP/MTS,MANDIRI,swasta
554,KALIMANTAN TENGAH,KOTAWARINGIN TIMUR,163	SMPS 1 BUMITAMA ANTANG KALANG,SMP/MTS,MANDIRI,swasta
555,KALIMANTAN TENGAH,KOTAWARINGIN BARAT,SMPS BUMITAMA,SMP/MTS,NASIONAL,swasta
556,KALIMANTAN TENGAH,KOTAWARINGIN TIMUR,SMP BUMITAMA METRO CEMPAGA,SMP/MTS,NASIONAL,swasta
557,KALIMANTAN TENGAH,KOTAWARINGIN TIMUR,SMP TUNAS PERTIWI,SMP/MTS,NASIONAL,swasta
558,KALIMANTAN TENGAH,LAMANDAU,SMPN 4 BULIK,SMP/MTS,NASIONAL,negeri
559,KALIMANTAN TENGAH,SERUYAN,SMP WIJAYA KUSUMA,SMP/MTS,NASIONAL,swasta
560,KALIMANTAN TENGAH,SERUYAN,SMPS 5 BEST AGRO INTERNATIONAL,SMP/MTS,NASIONAL,swasta
561,KALIMANTAN TENGAH,KOTAWARINGIN BARAT,SMAN 1 KUMAI,SMA/MA/SMK,NASIONAL,negeri
562,KALIMANTAN TENGAH,KOTAWARINGIN TIMUR,SMAN 1 CEMPAGA,SMA/MA/SMK,NASIONAL,negeri
563,KALIMANTAN SELATAN,TAPIN,MIN 2 TAPIN,SD/MI,MANDIRI,negeri
564,KALIMANTAN SELATAN,BANJARMASIN,SDN-SN KEBUN BUNGA 4,SD/MI,MANDIRI,negeri
565,KALIMANTAN SELATAN,BANJAR,SDN SUNGAI TABUK KOTA 1,SD/MI,NASIONAL,negeri
566,KALIMANTAN SELATAN,KOTABARU,SDN SUNGAI TAIB,SD/MI,NASIONAL,negeri
567,KALIMANTAN SELATAN,TANAH BUMBU,SDIT DHIA EL WIDAD,SD/MI,NASIONAL,swasta
568,KALIMANTAN SELATAN,TANAH LAUT,UPTD SDN 1 ANGSAU,SD/MI,NASIONAL,negeri
569,KALIMANTAN SELATAN,TAPIN,MIN 3 TAPIN,SD/MI,NASIONAL,negeri
570,KALIMANTAN SELATAN,TAPIN,MIN 8 TAPIN,SD/MI,NASIONAL,negeri
571,KALIMANTAN SELATAN,TAPIN,SDN KEPAYANG,SD/MI,NASIONAL,negeri
572,KALIMANTAN SELATAN,TAPIN,SDN RANTAU KANAN 1,SD/MI,NASIONAL,negeri
573,KALIMANTAN SELATAN,KOTA BANJARBARU,SDN 1 LOKTABAT UTARA,SD/MI,NASIONAL,negeri
574,KALIMANTAN SELATAN,KOTA BANJARMASIN,SDN KARANG MEKAR 1,SD/MI,NASIONAL,negeri
575,KALIMANTAN SELATAN,BANJARMASIN,SDN KEBUN BUNGA 1,SD/MI,NASIONAL,negeri
576,KALIMANTAN SELATAN,BANJARMASIN,SDN KEBUN BUNGA 3,SD/MI,NASIONAL,negeri
577,KALIMANTAN SELATAN,BANJARMASIN,SDN SUNGAI ANDAI 3,SD/MI,NASIONAL,negeri
578,KALIMANTAN SELATAN,TANAH BUMBU,SMPN  1 SIMPANG EMPAT,SMP/MTS,MANDIRI,negeri
579,KALIMANTAN SELATAN,BANJAR,SMPN 2 SAMBUNG MAKMUR,SMP/MTS,NASIONAL,negeri
580,KALIMANTAN SELATAN,BANJAR,SMPN 2 SUNGAI TABUK,SMP/MTS,NASIONAL,negeri
581,KALIMANTAN SELATAN,BANJAR,SMPN 7 KARANG INTAN,SMP/MTS,NASIONAL,negeri
582,KALIMANTAN SELATAN,TABALONG,SMPN 1 TANJUNG,SMP/MTS,NASIONAL,negeri
583,KALIMANTAN SELATAN,TABALONG,SMPN 2 TANJUNG,SMP/MTS,NASIONAL,negeri
584,KALIMANTAN SELATAN,TABALONG,SMPN 7 TANJUNG,SMP/MTS,NASIONAL,negeri
585,KALIMANTAN SELATAN,TABALONG,SMPN 8 TANJUNG,SMP/MTS,NASIONAL,negeri
586,KALIMANTAN SELATAN,TAPIN,MTSS SITI KHADIJAH,SMP/MTS,NASIONAL,swasta
587,KALIMANTAN SELATAN,BANJARMASIN,SMPN 1 BANJARMASIN,SMP/MTS,NASIONAL,negeri
588,KALIMANTAN SELATAN,BANJARMASIN,SMPN 15 BANJARMASIN,SMP/MTS,NASIONAL,negeri
589,KALIMANTAN SELATAN,HULU SUNGAI TENGAH,MAN 1 HULU SUNGAI TENGAH,SMA/MA/SMK,MANDIRI,negeri
590,KALIMANTAN SELATAN,TABALONG,SMAN 1 TANTA,SMA/MA/SMK,MANDIRI,negeri
591,KALIMANTAN SELATAN,TANAH BUMBU,SMAN 1 SUNGAI LOBAN,SMA/MA/SMK,MANDIRI,negeri
592,KALIMANTAN SELATAN,TANAH BUMBU,SMAN 1 ANGSANA,SMA/MA/SMK,MANDIRI,negeri
593,KALIMANTAN SELATAN,BANJAR,MAN 3 BANJAR,SMA/MA/SMK,NASIONAL,negeri
594,KALIMANTAN SELATAN,KOTABARU,SMAN 1 KELUMPANG HILIR,SMA/MA/SMK,NASIONAL,negeri
595,KALIMANTAN SELATAN,TABALONG,SMAN 1 HARUAI,SMA/MA/SMK,NASIONAL,negeri
596,KALIMANTAN SELATAN,TABALONG,SMAN 1 UPAU,SMA/MA/SMK,NASIONAL,negeri
597,KALIMANTAN SELATAN,TABALONG,SMKN 1 JARO,SMA/MA/SMK,NASIONAL,negeri
598,KALIMANTAN TIMUR,KOTA BALIKPAPAN,SDN 013 BALIKPAPAN TENGAH,SD/MI,MANDIRI,negeri
599,KALIMANTAN TIMUR,KOTA BALIKPAPAN,SDN 014 BALIKPAPAN SELATAN,SD/MI,MANDIRI,negeri
600,KALIMANTAN TIMUR,KOTA BALIKPAPAN,SDN 029 BALIKPAPAN UTARA,SD/MI,MANDIRI,negeri
601,KALIMANTAN TIMUR,KOTA BALIKPAPAN,SDN 020 BALIKPAPAN UTARA,SD/MI,MANDIRI,negeri
602,KALIMANTAN TIMUR,KOTA BALIKPAPAN,SDN 013 BALIKPAPAN KOTA,SD/MI,MANDIRI,negeri
603,KALIMANTAN TIMUR,KOTA BALIKPAPAN,SDN 033 BALIKPAPAN UTARA,SD/MI,MANDIRI,negeri
604,KALIMANTAN TIMUR,KOTA BALIKPAPAN,SDN 002 BALIKPAPAN KOTA,SD/MI,MANDIRI,negeri
605,KALIMANTAN TIMUR,KOTA BALIKPAPAN,SDN 023 BALIKPAPAN UTARA,SD/MI,MANDIRI,negeri
606,KALIMANTAN TIMUR,KOTA BALIKPAPAN,SDN 001 BALIKPAPAN BARAT,SD/MI,MANDIRI,negeri
607,KALIMANTAN TIMUR,KOTA BALIKPAPAN,SDN 019 BALIKPAPAN BARAT,SD/MI,MANDIRI,negeri
608,KALIMANTAN TIMUR,KOTA BONTANG,SDN 008 BONTANG UTARA,SD/MI,MANDIRI,negeri
609,KALIMANTAN TIMUR,KOTA SAMARINDA,SDN 020 PALARAN,SD/MI,MANDIRI,negeri
610,KALIMANTAN TIMUR,KOTA SAMARINDA,SDN 012 SAMARINDA ULU,SD/MI,MANDIRI,negeri
611,KALIMANTAN TIMUR,KUTAI KARTANEGARA,SDN 008 MUARA JAWA,SD/MI,NASIONAL,negeri
612,KALIMANTAN TIMUR,KUTAI TIMUR,SDN 002 SANGATTA SELATAN,SD/MI,NASIONAL,negeri
613,KALIMANTAN TIMUR,KUTAI TIMUR,SDN 006 KARANGAN,SD/MI,NASIONAL,negeri
614,KALIMANTAN TIMUR,PENAJAM PASER UTARA,SDN 009 PENAJAM,SD/MI,NASIONAL,negeri
615,KALIMANTAN TIMUR,PENAJAM PASER UTARA,SDN 020 PENAJAM,SD/MI,NASIONAL,negeri
616,KALIMANTAN TIMUR,PENAJAM PASER UTARA,SDN 028 PENAJAM,SD/MI,NASIONAL,negeri
617,KALIMANTAN TIMUR,KOTA BALIKPAPAN,SDN 001 BALIKPAPAN TENGAH,SD/MI,NASIONAL,negeri
618,KALIMANTAN TIMUR,KOTA BALIKPAPAN,SDN 005 BALIKPAPAN SELATAN,SD/MI,NASIONAL,negeri
619,KALIMANTAN TIMUR,KOTA BALIKPAPAN,SDN 005 BALIKPAPAN TIMUR,SD/MI,NASIONAL,negeri
620,KALIMANTAN TIMUR,KOTA BALIKPAPAN,SDN 007 BALIKPAPAN BARAT,SD/MI,NASIONAL,negeri
621,KALIMANTAN TIMUR,KOTA BALIKPAPAN,SDN 009 BALIKPAPAN TENGAH,SD/MI,NASIONAL,negeri
622,KALIMANTAN TIMUR,KOTA BALIKPAPAN,SDN 012 BALIKPAPAN TIMUR,SD/MI,NASIONAL,negeri
623,KALIMANTAN TIMUR,KOTA BALIKPAPAN,SDN 014 BALIKPAPAN BARAT,SD/MI,NASIONAL,negeri
624,KALIMANTAN TIMUR,KOTA BALIKPAPAN,SDN 016 BALIKPAPAN TENGAH,SD/MI,NASIONAL,negeri
625,KALIMANTAN TIMUR,KOTA BALIKPAPAN,SDN 016 BALIKPAPAN UTARA,SD/MI,NASIONAL,negeri
626,KALIMANTAN TIMUR,KOTA BALIKPAPAN,SDN 021 BALIKPAPAN BARAT,SD/MI,NASIONAL,negeri
627,KALIMANTAN TIMUR,KOTA BALIKPAPAN,SDN 022 BALIKPAPAN UTARA,SD/MI,NASIONAL,negeri
628,KALIMANTAN TIMUR,KOTA BALIKPAPAN,SDN 027 BALIKPAPAN UTARA,SD/MI,NASIONAL,negeri
629,KALIMANTAN TIMUR,KOTA BONTANG,SDN 001 BONTANG UTARA,SD/MI,NASIONAL,negeri
630,KALIMANTAN TIMUR,KOTA SAMARINDA,MIS AL MUJAHIDIN,SD/MI,NASIONAL,swasta
631,KALIMANTAN TIMUR,KOTA SAMARINDA,SD ADVENT SAMARINDA,SD/MI,NASIONAL,swasta
632,KALIMANTAN TIMUR,KOTA SAMARINDA,SD MUHAMMADIYAH 3 SAMARINDA,SD/MI,NASIONAL,swasta
633,KALIMANTAN TIMUR,KOTA SAMARINDA,SDN 002 LOA JANAN ILIR,SD/MI,NASIONAL,negeri
634,KALIMANTAN TIMUR,KOTA SAMARINDA,SDN 002 SAMARINDA ILIR,SD/MI,NASIONAL,negeri
635,KALIMANTAN TIMUR,KOTA SAMARINDA,SDN 002 SAMBUTAN,SD/MI,NASIONAL,negeri
636,KALIMANTAN TIMUR,KOTA SAMARINDA,SDN 007 LOA JANAN ILIR,SD/MI,NASIONAL,negeri
637,KALIMANTAN TIMUR,KOTA SAMARINDA,SDN 009 SAMARINDA SEBERANG,SD/MI,NASIONAL,negeri
638,KALIMANTAN TIMUR,KOTA SAMARINDA,SDN 010 SAMARINDA SEBERANG,SD/MI,NASIONAL,negeri
639,KALIMANTAN TIMUR,KOTA SAMARINDA,SDN 012 SUNGAI PINANG,SD/MI,NASIONAL,negeri
640,KALIMANTAN TIMUR,KOTA SAMARINDA,SDN 016 SAMARINDA ULU,SD/MI,NASIONAL,negeri
641,KALIMANTAN TIMUR,KUTAI KARTANEGARA,SMPN 2 LOA JANAN,SMP/MTS,MANDIRI,negeri
642,KALIMANTAN TIMUR,PASER,SMPN 2 BATU SOPANG,SMP/MTS,MANDIRI,negeri
643,KALIMANTAN TIMUR,KOTA BALIKPAPAN,SMP IT ISTIQAMAH BALIK PAPAN,SMP/MTS,MANDIRI,swasta
644,KALIMANTAN TIMUR,KOTA SAMARINDA,SMPN 21 SAMARINDA,SMP/MTS,MANDIRI,negeri
645,KALIMANTAN TIMUR,BERAU,SMPN 2 TALISAYAN,SMP/MTS,NASIONAL,negeri
646,KALIMANTAN TIMUR,KUTAI TIMUR,SMP EKA TJIPTA JAK LUAY 1,SMP/MTS,NASIONAL,swasta
647,KALIMANTAN TIMUR,KUTAI TIMUR,SMPN 1 KAUBUN,SMP/MTS,NASIONAL,negeri
648,KALIMANTAN TIMUR,KUTAI TIMUR,SMPN 3 SANGATTA UTARA,SMP/MTS,NASIONAL,negeri
649,KALIMANTAN TIMUR,PASER,SMPN 1 KUARO,SMP/MTS,NASIONAL,negeri
650,KALIMANTAN TIMUR,PASER,SMPN 4 KUARO,SMP/MTS,NASIONAL,negeri
651,KALIMANTAN TIMUR,KOTA BALIKPAPAN,SMPN 11 BALIKPAPAN,SMP/MTS,NASIONAL,negeri
652,KALIMANTAN TIMUR,KOTA SAMARINDA,SMPN 16 SAMARINDA,SMP/MTS,NASIONAL,negeri
653,KALIMANTAN TIMUR,KOTA SAMARINDA,SMPN 31 SAMARINDA,SMP/MTS,NASIONAL,negeri
654,KALIMANTAN TIMUR,KUTAI KARTANEGARA,SMAN 1 MUARA JAWA,SMA/MA/SMK,MANDIRI,negeri
655,KALIMANTAN TIMUR,KOTA BALIKPAPAN,SMAN 9 BALIKPAPAN,SMA/MA/SMK,MANDIRI,negeri
656,KALIMANTAN UTARA,KOTA TARAKAN,SDN 005 TARAKAN,SD/MI,NASIONAL,negeri
657,KALIMANTAN UTARA,KOTA TARAKAN,SDN 030 SEBENGKOK WARU,SD/MI,NASIONAL,negeri
658,KALIMANTAN UTARA,KOTA TARAKAN,SMPN 7 TARAKAN,SMP/MTS,MANDIRI,negeri
659,KALIMANTAN UTARA,KOTA TARAKAN,SMPN 1 TARAKAN,SMP/MTS,NASIONAL,negeri
660,SULAWESI UTARA,KOTA KOTAMOBAGU,SDN 2 POYOWA BESAR,SD/MI,MANDIRI,negeri
661,SULAWESI UTARA,KOTA BITUNG,SMPN 4 BITUNG,SMP/MTS,NASIONAL,negeri
662,GORONTALO,-,-,-,-,-
663,SULAWESI TENGAH,PALU,SMPN 7 PALU,SMP/MTS,NASIONAL,negeri
664,SULAWESI TENGAH,SIGI,SMAN 3 SIGI,SMA/MA/SMK,MANDIRI,negeri
665,SULAWESI BARAT,-,-,-,-,-
666,SULAWESI SELATAN,BULUKUMBA,MIN 1 BULUKUMBA,SD/MI,MANDIRI,negeri
667,SULAWESI SELATAN,LUWU TIMUR,SDN 238 MALLAULU,SD/MI,MANDIRI,negeri
668,SULAWESI SELATAN,MAROS,SDN 103 INP HASANUDDIN,SD/MI,MANDIRI,negeri
669,SULAWESI SELATAN,KOTA MAKASSAR,UPT SPF SDN MANGKURA 2,SD/MI,MANDIRI,negeri
670,SULAWESI SELATAN,KOTA MAKASSAR,UPT SPF SD INPRES MALENGKERI BERTINGKAT,SD/MI,MANDIRI,swasta
671,SULAWESI SELATAN,KOTA MAKASSAR,UPT SPF SDN BORONG,SD/MI,MANDIRI,negeri
672,SULAWESI SELATAN,KOTA MAKASSAR,UPT SPF SD INPRES UNGGULAN BTN PEMDA,SD/MI,MANDIRI,swasta
673,SULAWESI SELATAN,KOTA MAKASSAR,UPT SPF SDN RAPPOCINI,SD/MI,MANDIRI,negeri
674,SULAWESI SELATAN,BONE,SD INPRES 10/73 WATANG PALAKKA,SD/MI,NASIONAL,swasta
675,SULAWESI SELATAN,BONE,SD INPRES 6/75 POLEONRO,SD/MI,NASIONAL,swasta
676,SULAWESI SELATAN,BULUKUMBA,MIN 3 BULUKUMBA,SD/MI,NASIONAL,negeri
677,SULAWESI SELATAN,BULUKUMBA,SDN 221 TANAH KONG KONG,SD/MI,NASIONAL,negeri
678,SULAWESI SELATAN,BULUKUMBA,SDN 11 KALUMEME,SD/MI,NASIONAL,negeri
679,SULAWESI SELATAN,BULUKUMBA,SDN 2 TERANG-TERANG,SD/MI,NASIONAL,negeri
680,SULAWESI SELATAN,GOWA,SDI PANGGENTUNGANG SELATAN,SD/MI,NASIONAL,swasta
681,SULAWESI SELATAN,LUWU TIMUR,SD YPS SINGKOLE,SD/MI,NASIONAL,swasta
682,SULAWESI SELATAN,LUWU TIMUR,SDN 222 BATU MERAH,SD/MI,NASIONAL,negeri
683,SULAWESI SELATAN,LUWU TIMUR,SDN 231 LAKAWALI,SD/MI,NASIONAL,negeri
684,SULAWESI SELATAN,KOTA MAKASSAR,SD KRISTEN METHODIST,SD/MI,NASIONAL,swasta
685,SULAWESI SELATAN,KOTA MAKASSAR,UPT SPF SD INPRES BANTA BANTAENG I,SD/MI,NASIONAL,swasta
686,SULAWESI SELATAN,KOTA MAKASSAR,UPT SPF SD INPRES HARTACO INDAH,SD/MI,NASIONAL,swasta
687,SULAWESI SELATAN,KOTA MAKASSAR,UPT SPF SD INPRES TAMAJENE,SD/MI,NASIONAL,swasta
688,SULAWESI SELATAN,KOTA MAKASSAR,UPT SPF SD INPRES TAMANGAP,SD/MI,NASIONAL,swasta
689,SULAWESI SELATAN,KOTA MAKASSAR,UPT SPF SDN BALANG BARU 1,SD/MI,NASIONAL,swasta
690,SULAWESI SELATAN,KOTA MAKASSAR,UPT SPF SDN KOMP SAMBUNG JAWA,SD/MI,NASIONAL,negeri
691,SULAWESI SELATAN,KOTA MAKASSAR,UPT SPF SDN SUDIRMAN II,SD/MI,NASIONAL,negeri
692,SULAWESI SELATAN,KOTA MAKASSAR,UPT SPF SDN TANGGUL PATOMPO II,SD/MI,NASIONAL,negeri
693,SULAWESI SELATAN,BULUKUMBA,MTSS BADAN AMAL,SMP/MTS,MANDIRI,swasta
694,SULAWESI SELATAN,GOWA,SMPN 1 PALLANGGA,SMP/MTS,MANDIRI,negeri
695,SULAWESI SELATAN,GOWA,SMPN 1 PARIGI,SMP/MTS,MANDIRI,negeri
696,SULAWESI SELATAN,LUWU TIMUR,UPT SMPN 3 BURAU,SMP/MTS,MANDIRI,negeri
697,SULAWESI SELATAN,BONE,MTSN 4 BONE,SMP/MTS,NASIONAL,negeri
698,SULAWESI SELATAN,BULUKUMBA,SMPN 37 BULUKUMBA,SMP/MTS,NASIONAL,negeri
699,SULAWESI SELATAN,BULUKUMBA,SMPN 5 BULUKUMBA,SMP/MTS,NASIONAL,negeri
700,SULAWESI SELATAN,BULUKUMBA,SMPN 1 BULUKUMBA,SMP/MTS,NASIONAL,negeri
701,SULAWESI SELATAN,BULUKUMBA,SMPN 2 BULUKUMBA,SMP/MTS,NASIONAL,negeri
702,SULAWESI SELATAN,GOWA,SMP IT AL-FITYAN SCHOOL,SMP/MTS,NASIONAL,swasta
703,SULAWESI SELATAN,GOWA,SMPN 1 TINGGIMONCONG,SMP/MTS,NASIONAL,negeri
704,SULAWESI SELATAN,GOWA,SMPN 2 BAJENG BARAT,SMP/MTS,NASIONAL,negeri
705,SULAWESI SELATAN,LUWU TIMUR,MTSN 1 LUWU TIMUR,SMP/MTS,NASIONAL,negeri
706,SULAWESI SELATAN,LUWU TIMUR,SMPN 2 MALILI,SMP/MTS,NASIONAL,negeri
707,SULAWESI SELATAN,SINJAI,UPTD SMPN 7 SINJAI,SMP/MTS,NASIONAL,negeri
708,SULAWESI SELATAN,MAKASSAR,UPT SPF SMPN 2 MAKASSAR,SMP/MTS,NASIONAL,negeri
709,SULAWESI SELATAN,MAKASSAR,SMK KEHUTANAN NEGERI MAKASSAR,SMA/MA/SMK,MANDIRI,negeri
710,SULAWESI SELATAN,BANTAENG,SMAN 4 BANTAENG,SMA/MA/SMK,NASIONAL,negeri
711,SULAWESI SELATAN,BONE,SMAN 5 BONE,SMA/MA/SMK,NASIONAL,negeri
712,SULAWESI SELATAN,BULUKUMBA,SMAN 8 BULUKUMBA,SMA/MA/SMK,NASIONAL,negeri
713,SULAWESI SELATAN,SINJAI,SDN 231 LAKAWALI,SMA/MA/SMK,NASIONAL,negeri
714,SULAWESI TENGGARA,KOLAKA,SDN 3 LAMOKATO,SD/MI,NASIONAL,negeri
715,MALUKU,KOTA TUAL,SDN 20 TUAL,SD/MI,NASIONAL,negeri
716,MALUKU,KOTA TUAL,SDN 33 TUAL,SD/MI,NASIONAL,negeri
717,MALUKU UTARA,KOTA TERNATE,SDN 2 KOTA TERNATE,SD/MI,NASIONAL,negeri
718,PAPUA BARAT DAYA,-,-,-,-,-
719,PAPUA BARAT,MANOKWARI,SD INPRES 37 RANSIKI,SD/MI,NASIONAL,swasta
720,PAPUA BARAT,MANOKWARI SELATAN,SD INPRES 54 ORANSBARI,SD/MI,NASIONAL,swasta
721,PAPUA BARAT,MANOKWARI SELATAN,SMPS KRISTEN SYALOM TERPADU,SMP/MTS,NASIONAL,swasta
722,PAPUA,BIAK NUMFOR,SDN 1 BIAK KOTA,SD/MI,NASIONAL,negeri
723,PAPUA,KOTA JAYAPURA,SMPN 2 SENTANI,SMP/MTS,MANDIRI,negeri
724,PAPUA,KOTA JAYAPURA,SMP KRISTEN KALAM KUDUS,SMP/MTS,NASIONAL,swasta
725,PAPUA TENGAH,NABIRE,SMP YAPIS NABIRE,SMP/MTS,NASIONAL,swasta
726,PAPUA PEGUNUNGAN,-,-,-,-,-
727,PAPUA SELATAN,-,-,-,-,-
728,PUSAT,-,-,-,-,-